Player_name,Player_Ground,Player_match,Player_Inns,Player_NO,Player_Runs,Player_HS,Player_Ave,Player_BF,Player_SR,Player_hundred
PR Stirling,"U.A.E. - Sheikh Zayed Stadium, Abu Dhabi",5,5,1,420,131*,105,448,93.75,3
KIC Asalanka,"Sri Lanka - R.Premadasa Stadium, Khettarama, Colombo",6,6,0,323,77,53.83,363,88.98,0
WIA Fernando,"Sri Lanka - R.Premadasa Stadium, Khettarama, Colombo",6,6,0,295,118,49.16,352,83.8,1
Mushfiqur Rahim,"Bangladesh - Shere Bangla National Stadium, Mirpur, Dhaka",5,5,2,265,125,88.33,324,81.79,1
JN Malan,"Ireland - The Village, Malahide, Dublin",2,2,1,261,177*,261,265,98.49,1
SD Hope,"West Indies - Sir Vivian Richards Stadium, North Sound, Antigua",3,3,0,258,110,86,313,82.42,1
JS Malhotra,Oman - Al Amerat Cricket Ground Oman Cricket (Ministry Turf 1),5,5,2,258,173*,86,246,104.87,1
JM Bairstow,"India - Maharashtra Cricket Association Stadium, Pune",3,3,0,219,124,73,182,120.32,1
SPD Smith,Australia - Sydney Cricket Ground,2,2,0,209,105,104.5,130,160.76,2
MD Patel,Oman - Al Amerat Cricket Ground Oman Cricket (Ministry Turf 1),5,5,1,204,100,51,263,77.56,1
Babar Azam,"South Africa - SuperSport Park, Centurion",2,2,0,197,103,98.5,186,105.91,1
Fakhar Zaman,"South Africa - The Wanderers Stadium, Johannesburg",1,1,0,193,193,193,155,124.51,1
G Malla,Oman - Al Amerat Cricket Ground Oman Cricket (Ministry Turf 1),5,5,1,190,55,47.5,269,70.63,0
MD Gunathilaka,"West Indies - Sir Vivian Richards Stadium, North Sound, Antigua",3,3,0,187,96,62.33,195,95.89,0
Jatinder Singh,Oman - Al Amerat Cricket Ground Oman Cricket (Ministry Turf 1),5,5,0,187,107,37.4,156,119.87,1
E Lewis,"West Indies - Sir Vivian Richards Stadium, North Sound, Antigua",3,3,0,181,103,60.33,227,79.73,1
Rahmanullah Gurbaz,"U.A.E. - Sheikh Zayed Stadium, Abu Dhabi",3,3,0,180,127,60,163,110.42,1
C Campher,"U.A.E. - Sheikh Zayed Stadium, Abu Dhabi",5,5,0,178,56,35.6,233,76.39,0
KL Rahul,"India - Maharashtra Cricket Association Stadium, Pune",3,3,1,177,108,88.5,175,101.14,1
RK Paudel,Oman - Al Amerat Cricket Ground Oman Cricket (Ministry Turf 1),5,5,1,176,86,44,262,67.17,0
Tamim Iqbal,"Bangladesh - Shere Bangla National Stadium, Mirpur, Dhaka",5,5,0,176,52,35.2,250,70.4,0
AJ Finch,Australia - Sydney Cricket Ground,2,2,0,174,114,87,193,90.15,1
S Dhawan,"India - Maharashtra Cricket Association Stadium, Pune",3,3,0,169,98,56.33,179,94.41,0
LJ Tucker,"U.A.E. - Sheikh Zayed Stadium, Abu Dhabi",5,5,0,168,83,33.6,241,69.7,0
RW Chakabva,Zimbabwe - Harare Sports Club,3,3,0,164,84,54.66,174,94.25,0
MDKJ Perera,"Bangladesh - Shere Bangla National Stadium, Mirpur, Dhaka",3,3,0,164,120,54.66,187,87.7,1
JN Malan,"Sri Lanka - R.Premadasa Stadium, Khettarama, Colombo",3,3,0,162,121,54,185,87.56,1
Aasif Sheikh,Oman - Al Amerat Cricket Ground Oman Cricket (Ministry Turf 1),5,5,0,159,90,31.8,215,73.95,0
Babar Azam,"England - Edgbaston, Birmingham",1,1,0,158,158,158,139,113.66,1
Mahmudullah,"Bangladesh - Shere Bangla National Stadium, Mirpur, Dhaka",5,4,1,157,54,52.33,213,73.7,0
Liton Das,Zimbabwe - Harare Sports Club,3,3,0,155,102,51.66,184,84.23,1
RR Pant,"India - Maharashtra Cricket Association Stadium, Pune",2,2,0,155,78,77.5,102,151.96,0
DA Warner,Australia - Sydney Cricket Ground,2,2,0,152,83,76,153,99.34,0
DM Bravo,"West Indies - Sir Vivian Richards Stadium, North Sound, Antigua",3,3,1,149,102,74.5,189,78.83,1
C Karunaratne,"Sri Lanka - R.Premadasa Stadium, Khettarama, Colombo",6,6,3,149,44*,49.66,147,101.36,0
BRM Taylor,Pakistan - Rawalpindi Cricket Stadium,2,2,0,148,112,74,162,91.35,1
Zeeshan Maqsood,Oman - Al Amerat Cricket Ground Oman Cricket (Ministry Turf 1),5,5,1,146,53,36.5,218,66.97,0
Shakib Al Hasan,Zimbabwe - Harare Sports Club,3,3,1,145,96*,72.5,176,82.38,0
DM de Silva,"Sri Lanka - R.Premadasa Stadium, Khettarama, Colombo",6,6,0,135,44,22.5,211,63.98,0
BA Stokes,"India - Maharashtra Cricket Association Stadium, Pune",3,3,0,135,99,45,102,132.35,0
SR Taylor,Oman - Al Amerat Cricket Ground Oman Cricket (Ministry Turf 1),5,5,0,134,92,26.8,136,98.52,0
Tamim Iqbal,Zimbabwe - Harare Sports Club,3,3,0,132,112,44,138,95.65,1
PWH de Silva,"West Indies - Sir Vivian Richards Stadium, North Sound, Antigua",3,3,1,130,80*,65,96,135.41,0
K Bhurtel,Oman - Al Amerat Cricket Ground Oman Cricket (Ministry Turf 1),5,5,0,129,84,25.8,156,82.69,0
V Kohli,"India - Maharashtra Cricket Association Stadium, Pune",3,3,0,129,66,43,149,86.57,0
S Dhawan,"Sri Lanka - R.Premadasa Stadium, Khettarama, Colombo",3,3,1,128,86*,64,144,88.88,0
Imam-ul-Haq,"South Africa - SuperSport Park, Centurion",2,2,0,127,70,63.5,153,83,0
DP Conway,"New Zealand - Basin Reserve, Wellington",1,1,0,126,126,126,110,114.54,1
PR Stirling,"Netherlands - Sportpark Maarschalkerweerd, Utrecht",3,3,0,126,69,42,182,69.23,0
SA Yadav,"Sri Lanka - R.Premadasa Stadium, Khettarama, Colombo",3,3,1,124,53,62,101,122.77,0
KNA Bandara,"West Indies - Sir Vivian Richards Stadium, North Sound, Antigua",3,3,1,123,55*,61.5,162,75.92,0
CR Ervine,"Ireland - Civil Service Cricket Club, Stormont, Belfast",2,2,0,121,64,60.5,161,75.15,0
Q de Kock,"Ireland - The Village, Malahide, Dublin",1,1,0,120,120,120,91,131.86,1
A Vala,Oman - Al Amerat Cricket Ground Oman Cricket (Ministry Turf 2),4,4,0,120,61,30,169,71,0
AK Markram,"Sri Lanka - R.Premadasa Stadium, Khettarama, Colombo",3,3,0,119,96,39.66,123,96.74,0
HH Pandya,Australia - Sydney Cricket Ground,2,2,0,118,90,59,107,110.28,0
JJ Roy,"India - Maharashtra Cricket Association Stadium, Pune",3,3,0,115,55,38.33,93,123.65,0
HT Tector,"U.A.E. - Sheikh Zayed Stadium, Abu Dhabi",5,5,0,115,33,23,195,58.97,0
AT Carey,"West Indies - Kensington Oval, Bridgetown, Barbados",3,3,0,112,67,37.33,152,73.68,0
V Kohli,Australia - Sydney Cricket Ground,2,2,0,110,89,55,108,101.85,0
CP Rizwan,"U.A.E. - Sheikh Zayed Stadium, Abu Dhabi",2,2,0,110,109,55,149,73.82,1
Simi Singh,"U.A.E. - Sheikh Zayed Stadium, Abu Dhabi",4,4,1,110,54*,36.66,117,94.01,0
A Balbirnie,"Ireland - The Village, Malahide, Dublin",2,2,0,109,102,54.5,131,83.2,1
RD Berrington,Oman - Al Amerat Cricket Ground Oman Cricket (Ministry Turf 2),2,2,0,109,97,54.5,104,104.8,0
Fakhar Zaman,"South Africa - SuperSport Park, Centurion",2,2,0,109,101,54.5,116,93.96,1
Mohammad Nadeem,Oman - Al Amerat Cricket Ground Oman Cricket (Ministry Turf 1),5,5,1,109,38*,27.25,227,48.01,0
GJ Maxwell,Australia - Sydney Cricket Ground,2,2,1,108,63*,108,48,225,0
Rahmat Shah,"U.A.E. - Sheikh Zayed Stadium, Abu Dhabi",3,3,1,108,103*,54,127,85.03,1
HT Tector,"Ireland - The Village, Malahide, Dublin",2,2,0,108,79,54,102,105.88,0
SM Curran,"India - Maharashtra Cricket Association Stadium, Pune",3,2,1,107,95*,107,103,103.88,0
Imam-ul-Haq,Pakistan - Rawalpindi Cricket Stadium,2,2,0,107,58,53.5,136,78.67,0
HG Munsey,"Netherlands - Hazelaarweg, Rotterdam",2,2,1,106,79*,106,133,79.69,0
Muhammad Usman,"U.A.E. - Sheikh Zayed Stadium, Abu Dhabi",2,2,1,105,102*,105,122,86.06,1
SJ Myburgh,"Netherlands - Sportpark Maarschalkerweerd, Utrecht",3,3,0,105,74,35,173,60.69,0
PP Shaw,"Sri Lanka - R.Premadasa Stadium, Khettarama, Colombo",3,3,0,105,49,35,84,125,0
M Bhanuka,"Sri Lanka - R.Premadasa Stadium, Khettarama, Colombo",5,5,0,104,36,20.8,155,67.09,0
S Dhawan,Australia - Sydney Cricket Ground,2,2,0,104,74,52,109,95.41,0
MD Shanaka,"Sri Lanka - R.Premadasa Stadium, Khettarama, Colombo",6,6,0,104,39,17.33,137,75.91,0
Rashid Khan,"U.A.E. - Sheikh Zayed Stadium, Abu Dhabi",3,2,0,103,55,51.5,70,147.14,0
JM Vince,"England - Edgbaston, Birmingham",1,1,0,102,102,102,95,107.36,1
H Klaasen,"Sri Lanka - R.Premadasa Stadium, Khettarama, Colombo",3,3,0,101,43,33.66,88,114.77,0
HH Pandya,"India - Maharashtra Cricket Association Stadium, Pune",3,3,0,100,64,33.33,69,144.92,0
LD Chandimal,"West Indies - Sir Vivian Richards Stadium, North Sound, Antigua",3,3,0,99,71,33,149,66.44,0
N Vanua,Oman - Al Amerat Cricket Ground Oman Cricket (Ministry Turf 1),4,4,0,99,57,24.75,90,110,0
PWH de Silva,"Bangladesh - Shere Bangla National Stadium, Mirpur, Dhaka",3,3,0,98,74,32.66,95,103.15,0
BRM Taylor,Zimbabwe - Harare Sports Club,3,3,0,98,46,32.66,127,77.16,0
Babar Azam,Pakistan - Rawalpindi Cricket Stadium,2,2,1,96,77*,96,92,104.34,0
MH Cross,Oman - Al Amerat Cricket Ground Oman Cricket (Ministry Turf 2),2,2,0,95,70,47.5,108,87.96,0
MP O'Dowd,"Netherlands - Sportpark Maarschalkerweerd, Utrecht",3,3,0,95,36,31.66,133,71.42,0
KH Pandya,"India - Maharashtra Cricket Association Stadium, Pune",3,3,2,95,58*,95,74,128.37,0
A Vala,Oman - Al Amerat Cricket Ground Oman Cricket (Ministry Turf 1),4,4,0,93,62,23.25,133,69.92,0
T Bavuma,"South Africa - The Wanderers Stadium, Johannesburg",1,1,0,92,92,92,102,90.19,0
Hashmatullah Shahidi,"U.A.E. - Sheikh Zayed Stadium, Abu Dhabi",2,2,0,92,82,46,125,73.6,0
Ayaan Khan,Oman - Al Amerat Cricket Ground Oman Cricket (Ministry Turf 1),5,5,0,91,41,18.2,190,47.89,0
DM de Silva,"England - Kennington Oval, London",1,1,0,91,91,91,91,100,0
WTS Porterfield,"Ireland - Civil Service Cricket Club, Stormont, Belfast",2,2,0,91,75,45.5,143,63.63,0
MP O'Dowd,"Netherlands - Hazelaarweg, Rotterdam",2,2,0,90,82,45,116,77.58,0
RG Sharma,"India - Maharashtra Cricket Association Stadium, Pune",3,3,0,90,37,30,104,86.53,0
MS Wade,"West Indies - Kensington Oval, Bridgetown, Barbados",3,3,1,90,51*,45,124,72.58,0
PBB Rajapaksa,"Sri Lanka - R.Premadasa Stadium, Khettarama, Colombo",5,5,0,89,65,17.8,85,104.7,0
KL Rahul,Australia - Sydney Cricket Ground,2,2,0,88,76,44,81,108.64,0
HT Tector,"Netherlands - Sportpark Maarschalkerweerd, Utrecht",3,3,1,88,58,44,162,54.32,0
Sikandar Raza,Zimbabwe - Harare Sports Club,2,2,0,87,57,43.5,98,88.77,0
Afif Hossain,Zimbabwe - Harare Sports Club,3,3,1,86,45,43,75,114.66,0
D Myers,Zimbabwe - Harare Sports Club,3,3,0,86,34,28.66,121,71.07,0
MD Gunathilaka,"Bangladesh - Shere Bangla National Stadium, Mirpur, Dhaka",3,3,0,84,39,28,98,85.71,0
FDM Karunaratne,"West Indies - Sir Vivian Richards Stadium, North Sound, Antigua",3,3,0,84,52,28,110,76.36,0
KJ Coetzer,Oman - Al Amerat Cricket Ground Oman Cricket (Ministry Turf 2),2,2,0,83,60,41.5,104,79.8,0
AL Phehlukwayo,"South Africa - SuperSport Park, Centurion",2,2,0,83,54,41.5,96,86.45,0
SR Taylor,Oman - Al Amerat Cricket Ground Oman Cricket (Ministry Turf 2),1,1,0,82,82,82,55,149.09,0
A Balbirnie,"U.A.E. - Sheikh Zayed Stadium, Abu Dhabi",5,5,0,81,53,16.2,110,73.63,0
KJ Coetzer,Oman - Al Amerat Cricket Ground Oman Cricket (Ministry Turf 1),1,1,0,81,81,81,103,78.64,0
Shakib Al Hasan,"Bangladesh - Shere Bangla National Stadium, Mirpur, Dhaka",5,5,1,81,43*,20.25,137,59.12,0
A Balbirnie,"Netherlands - Sportpark Maarschalkerweerd, Utrecht",3,3,1,80,63*,40,159,50.31,0
Q de Kock,"South Africa - The Wanderers Stadium, Johannesburg",1,1,0,80,80,80,86,93.02,0
K Gore,Oman - Al Amerat Cricket Ground Oman Cricket (Ministry Turf 1),5,5,0,80,44,16,95,84.21,0
HE van der Dussen,"Sri Lanka - R.Premadasa Stadium, Khettarama, Colombo",3,3,0,80,59,26.66,89,89.88,0
HE van der Dussen,"Ireland - The Village, Malahide, Dublin",2,2,0,79,49,39.5,98,80.61,0
SC Williams,Pakistan - Rawalpindi Cricket Stadium,2,2,0,79,75,39.5,84,94.04,0
Tamim Iqbal,"New Zealand - Hagley Oval, Christchurch",1,1,0,78,78,78,108,72.22,0
L Gregory,"England - Edgbaston, Birmingham",1,1,0,77,77,77,69,111.59,0
Karan KC,Oman - Al Amerat Cricket Ground Oman Cricket (Ministry Turf 1),5,4,1,76,42,25.33,87,87.35,0
L Siaka,Oman - Al Amerat Cricket Ground Oman Cricket (Ministry Turf 2),4,4,0,76,30,19,94,80.85,0
AJ Finch,"Australia - Manuka Oval, Canberra",1,1,0,75,75,75,82,91.46,0
PR Stirling,"Ireland - Civil Service Cricket Club, Stormont, Belfast",2,2,0,75,43,37.5,87,86.2,0
DM de Silva,"Bangladesh - Shere Bangla National Stadium, Mirpur, Dhaka",3,3,1,74,55*,37,106,69.81,0
Mohammad Rizwan,"England - Edgbaston, Birmingham",1,1,0,74,74,74,58,127.58,0
MK Pandey,"Sri Lanka - R.Premadasa Stadium, Khettarama, Colombo",3,3,0,74,37,24.66,90,82.22,0
CA Soper,Oman - Al Amerat Cricket Ground Oman Cricket (Ministry Turf 2),3,3,2,74,46*,74,112,66.07,0
Javed Ahmadi,"U.A.E. - Sheikh Zayed Stadium, Abu Dhabi",3,3,0,73,38,24.33,89,82.02,0
MDKJ Perera,"England - Riverside Ground, Chester-le-Street",1,1,0,73,73,73,81,90.12,0
DP Conway,"New Zealand - Hagley Oval, Christchurch",1,1,0,72,72,72,93,77.41,0
M Labuschagne,Australia - Sydney Cricket Ground,2,2,0,72,70,36,63,114.28,0
L Siaka,Oman - Al Amerat Cricket Ground Oman Cricket (Ministry Turf 1),4,4,0,72,30,18,86,83.72,0
Haris Sohail,Pakistan - Rawalpindi Cricket Stadium,1,1,0,71,71,71,82,86.58,0
CS MacLeod,Oman - Al Amerat Cricket Ground Oman Cricket (Ministry Turf 2),2,2,0,71,45,35.5,129,55.03,0
B Bhandari,Oman - Al Amerat Cricket Ground Oman Cricket (Ministry Turf 1),5,4,0,70,37,17.5,125,56,0
JN Malan,"South Africa - SuperSport Park, Centurion",1,1,0,70,70,70,81,86.41,0
NK Patel,Oman - Al Amerat Cricket Ground Oman Cricket (Ministry Turf 1),5,4,0,70,21,17.5,152,46.05,0
KA Pollard,"West Indies - Kensington Oval, Bridgetown, Barbados",3,3,0,69,56,23,86,80.23,0
R Powell,"Bangladesh - Shere Bangla National Stadium, Mirpur, Dhaka",2,2,0,69,41,34.5,97,71.13,0
Asghar Afghan,"U.A.E. - Sheikh Zayed Stadium, Abu Dhabi",3,3,1,68,41,34,99,68.68,0
W Madhevere,Zimbabwe - Harare Sports Club,3,3,0,68,56,22.66,84,80.95,0
KA Pollard,"West Indies - Sir Vivian Richards Stadium, North Sound, Antigua",3,2,1,68,53*,68,53,128.3,0
Sikandar Raza,"Ireland - Civil Service Cricket Club, Stormont, Belfast",2,2,1,68,59*,68,63,107.93,0
Aqib Ilyas,Oman - Al Amerat Cricket Ground Oman Cricket (Ministry Turf 2),2,2,0,67,34,33.5,105,63.8,0
EH Hutchinson,Oman - Al Amerat Cricket Ground Oman Cricket (Ministry Turf 1),4,3,1,67,49*,33.5,79,84.81,0
DJ Malan,"India - Maharashtra Cricket Association Stadium, Pune",2,2,1,66,50,66,73,90.41,0
Simi Singh,"Netherlands - Sportpark Maarschalkerweerd, Utrecht",3,2,1,66,45,66,104,63.46,0
RP Burl,Zimbabwe - Harare Sports Club,2,2,0,65,59,32.5,60,108.33,0
Jatinder Singh,Oman - Al Amerat Cricket Ground Oman Cricket (Ministry Turf 2),2,2,0,65,64,32.5,70,92.85,0
W Madhevere,Pakistan - Rawalpindi Cricket Stadium,2,2,0,65,55,32.5,76,85.52,0
JR Philippe,"West Indies - Kensington Oval, Bridgetown, Barbados",3,3,0,65,39,21.66,89,73.03,0
Suraj Kumar,Oman - Al Amerat Cricket Ground Oman Cricket (Ministry Turf 2),2,2,1,65,62*,65,82,79.26,0
Mushfiqur Rahim,"Bangladesh - Zahur Ahmed Chowdhury Stadium, Chattogram",1,1,0,64,64,64,55,116.36,0
Suraj Kumar,Oman - Al Amerat Cricket Ground Oman Cricket (Ministry Turf 1),4,4,0,64,35,16,75,85.33,0
Tamim Iqbal,"Bangladesh - Zahur Ahmed Chowdhury Stadium, Chattogram",1,1,0,64,64,64,80,80,0
V Kohli,"Australia - Manuka Oval, Canberra",1,1,0,63,63,63,78,80.76,0
LS Livingstone,"India - Maharashtra Cricket Association Stadium, Pune",2,2,1,63,36,63,52,121.15,0
Naseem Khushi,Oman - Al Amerat Cricket Ground Oman Cricket (Ministry Turf 1),5,4,2,63,35*,31.5,76,82.89,0
Sandeep Goud,Oman - Al Amerat Cricket Ground Oman Cricket (Ministry Turf 2),2,2,1,63,54*,63,82,76.82,0
HT Tector,"Ireland - Civil Service Cricket Club, Stormont, Belfast",2,2,1,63,50,63,71,88.73,0
BFW de Leede,"Netherlands - Sportpark Maarschalkerweerd, Utrecht",3,3,0,62,23,20.66,165,37.57,0
N Pooran,"West Indies - Kensington Oval, Bridgetown, Barbados",3,3,1,62,59*,31,84,73.8,0
K Verreynne,"South Africa - SuperSport Park, Centurion",1,1,0,62,62,62,53,116.98,0
Liton Das,"Bangladesh - Shere Bangla National Stadium, Mirpur, Dhaka",4,4,0,61,25,15.25,107,57,0
BKG Mendis,"Bangladesh - Shere Bangla National Stadium, Mirpur, Dhaka",3,3,0,61,24,20.33,94,64.89,0
Mosaddek Hossain,"Bangladesh - Shere Bangla National Stadium, Mirpur, Dhaka",2,2,0,61,51,30.5,84,72.61,0
Sandeep Goud,Oman - Al Amerat Cricket Ground Oman Cricket (Ministry Turf 1),5,5,2,61,27*,20.33,88,69.31,0
GH Dockrell,"Ireland - The Village, Malahide, Dublin",2,2,0,60,45,30,52,115.38,0
SA Edwards,"Netherlands - Hazelaarweg, Rotterdam",2,2,0,60,56,30,78,76.92,0
Ishan Kishan,"Sri Lanka - R.Premadasa Stadium, Khettarama, Colombo",2,2,0,60,59,30,46,130.43,0
JJ Roy,"England - Kennington Oval, London",1,1,0,60,60,60,52,115.38,0
PD Salt,"England - Lord's, London",1,1,0,60,60,60,54,111.11,0
HE van der Dussen,"South Africa - The Wanderers Stadium, Johannesburg",1,1,0,60,60,60,37,162.16,0
MM Ali,"India - Maharashtra Cricket Association Stadium, Pune",3,2,0,59,30,29.5,62,95.16,0
Mahmudullah,Zimbabwe - Harare Sports Club,3,3,0,59,33,19.66,88,67.04,0
GJ Maxwell,"Australia - Manuka Oval, Canberra",1,1,0,59,59,59,38,155.26,0
Ayaan Khan,Oman - Al Amerat Cricket Ground Oman Cricket (Ministry Turf 2),2,2,0,58,44,29,89,65.16,0
JO Holder,"West Indies - Kensington Oval, Bridgetown, Barbados",3,3,0,57,52,19,88,64.77,0
MR Marsh,"West Indies - Kensington Oval, Bridgetown, Barbados",3,3,0,57,29,19,60,95,0
Aqib Ilyas,Oman - Al Amerat Cricket Ground Oman Cricket (Ministry Turf 1),1,1,0,56,56,56,77,72.72,0
Imam-ul-Haq,"England - Edgbaston, Birmingham",1,1,0,56,56,56,73,76.71,0
E Lewis,"West Indies - Kensington Oval, Bridgetown, Barbados",3,3,1,56,55*,28,80,70,0
Saud Shakeel,"England - Lord's, London",1,1,0,56,56,56,77,72.72,0
BRM Taylor,"Ireland - Civil Service Cricket Club, Stormont, Belfast",2,2,0,56,49,28,57,98.24,0
JM Vince,"England - Lord's, London",1,1,0,56,56,56,52,107.69,0
S Bau,Oman - Al Amerat Cricket Ground Oman Cricket (Ministry Turf 2),3,3,0,55,31,18.33,105,52.38,0
PVD Chameera,"Sri Lanka - R.Premadasa Stadium, Khettarama, Colombo",6,5,0,55,29,11,74,74.32,0
CA Soper,Oman - Al Amerat Cricket Ground Oman Cricket (Ministry Turf 1),4,4,1,55,39*,18.33,73,75.34,0
LV van Beek,"Netherlands - Sportpark Maarschalkerweerd, Utrecht",3,3,2,55,29,55,87,63.21,0
CJA Amini,Oman - Al Amerat Cricket Ground Oman Cricket (Ministry Turf 2),4,4,0,54,23,13.5,70,77.14,0
C Campher,"Ireland - The Village, Malahide, Dublin",2,1,0,54,54,54,54,100,0
PWH de Silva,"England - Riverside Ground, Chester-le-Street",1,1,0,54,54,54,65,83.07,0
Naseem Khushi,Oman - Al Amerat Cricket Ground Oman Cricket (Ministry Turf 2),2,2,0,54,27,27,44,122.72,0
Afif Hossain,"Bangladesh - Shere Bangla National Stadium, Mirpur, Dhaka",3,3,1,53,27*,26.5,48,110.41,0
GJ Delany,"U.A.E. - Sheikh Zayed Stadium, Abu Dhabi",4,4,3,53,21*,53,47,112.76,0
RR Hendricks,"Sri Lanka - R.Premadasa Stadium, Khettarama, Colombo",2,2,0,52,51,26,61,85.24,0
SD Hope,"West Indies - Kensington Oval, Bridgetown, Barbados",2,2,0,52,38,26,78,66.66,0
HG Munsey,Oman - Al Amerat Cricket Ground Oman Cricket (Ministry Turf 2),2,2,1,52,27*,52,75,69.33,0
RD Berrington,"Netherlands - Hazelaarweg, Rotterdam",2,2,0,51,41,25.5,71,71.83,0
GH Dockrell,"Netherlands - Sportpark Maarschalkerweerd, Utrecht",3,2,0,51,40,25.5,107,47.66,0
Mohammad Mithun,Zimbabwe - Harare Sports Club,3,3,0,51,30,17,79,64.55,0
Shakib Al Hasan,"Bangladesh - Zahur Ahmed Chowdhury Stadium, Chattogram",1,1,0,51,51,51,81,62.96,0
WA Agar,"West Indies - Kensington Oval, Bridgetown, Barbados",2,2,0,50,41,25,42,119.04,0
MA Agarwal,Australia - Sydney Cricket Ground,2,2,0,50,28,25,44,113.63,0
J Kila,Oman - Al Amerat Cricket Ground Oman Cricket (Ministry Turf 2),4,4,0,50,36,12.5,79,63.29,0
DA Miller,"South Africa - SuperSport Park, Centurion",1,1,0,50,50,50,56,89.28,0
N Pooran,"West Indies - Sir Vivian Richards Stadium, North Sound, Antigua",3,2,1,50,35*,50,46,108.69,0
AJ Turner,"West Indies - Kensington Oval, Bridgetown, Barbados",3,2,0,50,49,25,49,102.04,0
T van der Gugten,"Netherlands - Sportpark Maarschalkerweerd, Utrecht",3,2,0,50,49,25,61,81.96,0
RA Jadeja,Australia - Sydney Cricket Ground,2,2,0,49,25,24.5,48,102.08,0
G Singh,Oman - Al Amerat Cricket Ground Oman Cricket (Ministry Turf 1),1,1,0,48,48,48,48,100,0
A Zampa,"West Indies - Kensington Oval, Bridgetown, Barbados",3,2,1,48,36,48,69,69.56,0
Fakhar Zaman,"England - Sophia Gardens, Cardiff",1,1,0,47,47,47,67,70.14,0
SJ Myburgh,"Netherlands - Hazelaarweg, Rotterdam",2,2,0,47,40,23.5,83,56.62,0
R Powell,"Bangladesh - Zahur Ahmed Chowdhury Stadium, Chattogram",1,1,0,47,47,47,49,95.91,0
MD Shanaka,"England - Kennington Oval, London",1,1,0,47,47,47,67,70.14,0
A Balbirnie,"Ireland - Civil Service Cricket Club, Stormont, Belfast",2,2,0,46,34,23,63,73.01,0
SV Samson,"Sri Lanka - R.Premadasa Stadium, Khettarama, Colombo",1,1,0,46,46,46,46,100,0
TP Ura,Oman - Al Amerat Cricket Ground Oman Cricket (Ministry Turf 1),3,3,0,46,19,15.33,87,52.87,0
SJ Modani,Oman - Al Amerat Cricket Ground Oman Cricket (Ministry Turf 1),4,4,0,45,20,11.25,78,57.69,0
DE Budge,"Netherlands - Hazelaarweg, Rotterdam",2,2,1,44,40*,44,66,66.66,0
CR Ervine,Pakistan - Rawalpindi Cricket Stadium,2,2,0,44,41,22,81,54.32,0
Abid Ali,Pakistan - Rawalpindi Cricket Stadium,2,2,0,43,22,21.5,54,79.62,0
JM Bairstow,"England - Riverside Ground, Chester-le-Street",1,1,0,43,43,43,21,204.76,0
Zawar Farid,"U.A.E. - Sheikh Zayed Stadium, Abu Dhabi",2,2,0,43,28,21.5,52,82.69,0
J Kila,Oman - Al Amerat Cricket Ground Oman Cricket (Ministry Turf 1),2,2,0,42,24,21,91,46.15,0
Mohammad Rizwan,"South Africa - SuperSport Park, Centurion",2,2,0,42,40,21,59,71.18,0
P Nissanka,"West Indies - Sir Vivian Richards Stadium, North Sound, Antigua",3,3,0,42,24,14,54,77.77,0
Zeeshan Maqsood,Oman - Al Amerat Cricket Ground Oman Cricket (Ministry Turf 2),2,2,0,42,26,21,58,72.41,0
RK Paudel,Oman - Al Amerat Cricket Ground Oman Cricket (Ministry Turf 2),1,1,0,41,41,41,65,63.07,0
L Gregory,"England - Lord's, London",1,1,0,40,40,40,47,85.1,0
SS Iyer,Australia - Sydney Cricket Ground,2,2,0,40,38,20,38,105.26,0
KR Mayers,"Bangladesh - Shere Bangla National Stadium, Mirpur, Dhaka",2,2,0,40,40,20,65,61.53,0
G Toka,Oman - Al Amerat Cricket Ground Oman Cricket (Ministry Turf 2),3,3,0,40,22,13.33,62,64.51,0
Z Crawley,"England - Edgbaston, Birmingham",1,1,0,39,39,39,34,114.7,0
Kaleemullah,Oman - Al Amerat Cricket Ground Oman Cricket (Ministry Turf 2),2,2,1,39,20,39,20,195,0
AR McBrine,"Ireland - The Village, Malahide, Dublin",2,2,0,39,30,19.5,57,68.42,0
AK Markram,"South Africa - The Wanderers Stadium, Johannesburg",1,1,0,39,39,39,34,114.7,0
D Ravu,Oman - Al Amerat Cricket Ground Oman Cricket (Ministry Turf 2),3,3,0,39,32,13,61,63.93,0
I Udana,"Bangladesh - Shere Bangla National Stadium, Mirpur, Dhaka",2,2,1,39,21,39,40,97.5,0
AT Carey,"Australia - Manuka Oval, Canberra",1,1,0,38,38,38,42,90.47,0
Gulbadin Naib,"U.A.E. - Sheikh Zayed Stadium, Abu Dhabi",3,2,0,38,36,19,56,67.85,0
MJ Guptill,"New Zealand - University Oval, Dunedin",1,1,0,38,38,38,19,200,0
PR Stirling,"Ireland - The Village, Malahide, Dublin",2,2,0,38,27,19,57,66.66,0
G Toka,Oman - Al Amerat Cricket Ground Oman Cricket (Ministry Turf 1),3,3,0,38,20,12.66,54,70.37,0
AS Joseph,"West Indies - Kensington Oval, Bridgetown, Barbados",3,3,1,37,17,18.5,85,43.52,0
AK Markram,"South Africa - SuperSport Park, Centurion",2,2,0,37,19,18.5,44,84.09,0
PD Salt,"England - Edgbaston, Birmingham",1,1,0,37,37,37,22,168.18,0
SC Williams,"Ireland - Civil Service Cricket Club, Stormont, Belfast",2,2,0,37,33,18.5,68,54.41,0
W Madhevere,"Ireland - Civil Service Cricket Club, Stormont, Belfast",2,2,0,35,19,17.5,43,81.39,0
Mohammad Nabi,"U.A.E. - Sheikh Zayed Stadium, Abu Dhabi",3,2,0,35,32,17.5,61,57.37,0
KH Pandya,"Sri Lanka - R.Premadasa Stadium, Khettarama, Colombo",2,1,0,35,35,35,54,64.81,0
Mushfiqur Rahim,"New Zealand - Hagley Oval, Christchurch",1,1,0,34,34,34,59,57.62,0
LV van Beek,"Netherlands - Hazelaarweg, Rotterdam",2,2,0,34,24,17,42,80.95,0
CJA Amini,Oman - Al Amerat Cricket Ground Oman Cricket (Ministry Turf 1),2,2,0,33,17,16.5,61,54.09,0
Shadab Khan,"South Africa - SuperSport Park, Centurion",1,1,0,33,33,33,30,110,0
Shubman Gill,"Australia - Manuka Oval, Canberra",1,1,0,33,33,33,39,84.61,0
V Aravind,"U.A.E. - Sheikh Zayed Stadium, Abu Dhabi",2,2,0,32,18,16,56,57.14,0
Mehidy Hasan Miraz,Zimbabwe - Harare Sports Club,2,2,0,32,26,16,40,80,0
Soumya Sarkar,"New Zealand - Hagley Oval, Christchurch",1,1,0,32,32,32,46,69.56,0
BA Stokes,"England - Edgbaston, Birmingham",1,1,0,32,32,32,28,114.28,0
Babar Azam,"South Africa - The Wanderers Stadium, Johannesburg",1,1,0,31,31,31,33,93.93,0
NE Bonner,"Bangladesh - Zahur Ahmed Chowdhury Stadium, Chattogram",1,1,0,31,31,31,66,46.96,0
BA Carse,"England - Lord's, London",1,1,0,31,31,31,41,75.6,0
Hasan Ali,"England - Lord's, London",1,1,0,31,31,31,17,182.35,0
Aasif Sheikh,Oman - Al Amerat Cricket Ground Oman Cricket (Ministry Turf 2),1,1,0,30,30,30,46,65.21,0
JDS Neesham,"New Zealand - Hagley Oval, Christchurch",1,1,0,30,30,30,34,88.23,0
Shadab Khan,"England - Sophia Gardens, Cardiff",1,1,0,30,30,30,43,69.76,0
SN Thakur,"India - Maharashtra Cricket Association Stadium, Pune",3,2,1,30,30,30,21,142.85,0
JM Bairstow,"England - Kennington Oval, London",1,1,0,29,29,29,36,80.55,0
Haider Ali,Pakistan - Rawalpindi Cricket Stadium,1,1,0,29,29,29,24,120.83,0
Najibullah Zadran,"U.A.E. - Sheikh Zayed Stadium, Abu Dhabi",3,2,0,29,29,14.5,45,64.44,0
AC Agar,"Australia - Manuka Oval, Canberra",1,1,0,28,28,28,28,100,0
MM Ali,"England - Riverside Ground, Chester-le-Street",1,1,0,28,28,28,57,49.12,0
PWH de Silva,"Sri Lanka - R.Premadasa Stadium, Khettarama, Colombo",5,5,0,28,8,5.6,38,73.68,0
Gulsan Jha,Oman - Al Amerat Cricket Ground Oman Cricket (Ministry Turf 1),1,1,0,28,28,28,53,52.83,0
Iftikhar Ahmed,Pakistan - Rawalpindi Cricket Stadium,2,2,1,28,16*,28,38,73.68,0
LM Jongwe,"Ireland - Civil Service Cricket Club, Stormont, Belfast",2,2,0,28,18,14,19,147.36,0
BR McDermott,"West Indies - Kensington Oval, Bridgetown, Barbados",2,2,0,28,28,14,50,56,0
CS MacLeod,Oman - Al Amerat Cricket Ground Oman Cricket (Ministry Turf 1),1,1,0,28,28,28,68,41.17,0
JN Mohammed,"Bangladesh - Shere Bangla National Stadium, Mirpur, Dhaka",2,2,0,28,17,14,62,45.16,0
P Nissanka,"Bangladesh - Shere Bangla National Stadium, Mirpur, Dhaka",3,3,0,28,20,9.33,53,52.83,0
BB Chari,Pakistan - Rawalpindi Cricket Stadium,2,2,0,27,25,13.5,49,55.1,0
DP Conway,"New Zealand - University Oval, Dunedin",1,1,0,27,27,27,52,51.92,0
S Lamichhane,Oman - Al Amerat Cricket Ground Oman Cricket (Ministry Turf 1),5,3,0,27,16,9,23,117.39,0
GF Linde,"Sri Lanka - R.Premadasa Stadium, Khettarama, Colombo",2,2,1,27,18,27,29,93.1,0
Mahmudullah,"New Zealand - University Oval, Dunedin",1,1,0,27,27,27,54,50,0
KJ O'Brien,"U.A.E. - Sheikh Zayed Stadium, Abu Dhabi",4,4,0,27,23,6.75,33,81.81,0
RA Reifer,"Bangladesh - Zahur Ahmed Chowdhury Stadium, Chattogram",1,1,0,27,27,27,46,58.69,0
MA Starc,"West Indies - Kensington Oval, Bridgetown, Barbados",3,2,0,27,19,13.5,50,54,0
Waheed Ahmed,"U.A.E. - Sheikh Zayed Stadium, Abu Dhabi",2,2,1,27,18*,27,28,96.42,0
HR Walsh,"West Indies - Kensington Oval, Bridgetown, Barbados",3,2,0,27,20,13.5,37,72.97,0
KJ Coetzer,"Netherlands - Hazelaarweg, Rotterdam",2,2,0,26,17,13,55,47.27,0
PWH de Silva,"England - Kennington Oval, London",1,1,0,26,26,26,49,53.06,0
K Doriga,Oman - Al Amerat Cricket Ground Oman Cricket (Ministry Turf 2),4,4,0,26,15,6.5,63,41.26,0
MJ Guptill,"New Zealand - Basin Reserve, Wellington",1,1,0,26,26,26,28,92.85,0
AL Phehlukwayo,"Sri Lanka - R.Premadasa Stadium, Khettarama, Colombo",3,3,0,26,17,8.66,48,54.16,0
NP Kenjige,Oman - Al Amerat Cricket Ground Oman Cricket (Ministry Turf 1),5,4,1,25,13,8.33,50,50,0
PD Macchi,Oman - Al Amerat Cricket Ground Oman Cricket (Ministry Turf 1),1,1,0,25,25,25,32,78.12,0
Saqib Zulfiqar,"Netherlands - Sportpark Maarschalkerweerd, Utrecht",2,2,0,25,23,12.5,78,32.05,0
MD Shanaka,"Bangladesh - Shere Bangla National Stadium, Mirpur, Dhaka",2,2,0,25,14,12.5,44,56.81,0
SA Edwards,"Netherlands - Sportpark Maarschalkerweerd, Utrecht",3,3,0,24,23,8,42,57.14,0
DA Miller,"Ireland - The Village, Malahide, Dublin",1,1,0,24,24,24,27,88.88,0
SJ Modani,Oman - Al Amerat Cricket Ground Oman Cricket (Ministry Turf 2),1,1,0,24,24,24,48,50,0
Mohammad Saifuddin,"Bangladesh - Shere Bangla National Stadium, Mirpur, Dhaka",2,2,1,24,13*,24,39,61.53,0
KY Ottley,"Bangladesh - Shere Bangla National Stadium, Mirpur, Dhaka",1,1,0,24,24,24,44,54.54,0
N Vanua,Oman - Al Amerat Cricket Ground Oman Cricket (Ministry Turf 2),2,2,0,24,13,12,85,28.23,0
Faheem Ashraf,Pakistan - Rawalpindi Cricket Stadium,2,1,0,23,23,23,16,143.75,0
Mushfiqur Rahim,"New Zealand - University Oval, Dunedin",1,1,0,23,23,23,49,46.93,0
Aaron Jones,Oman - Al Amerat Cricket Ground Oman Cricket (Ministry Turf 1),1,1,0,22,22,22,33,66.66,0
MC Henriques,"Australia - Manuka Oval, Canberra",1,1,0,22,22,22,31,70.96,0
EJG Morgan,"India - Maharashtra Cricket Association Stadium, Pune",1,1,0,22,22,22,30,73.33,0
B Muzarabani,Pakistan - Rawalpindi Cricket Stadium,2,2,0,22,17,11,28,78.57,0
NLTC Perera,"West Indies - Sir Vivian Richards Stadium, North Sound, Antigua",2,2,0,22,19,11,29,75.86,0
KH Prajapati,Oman - Al Amerat Cricket Ground Oman Cricket (Ministry Turf 2),2,2,0,22,22,11,23,95.65,0
D Ravu,Oman - Al Amerat Cricket Ground Oman Cricket (Ministry Turf 1),4,4,2,22,13*,11,29,75.86,0
MD Shanaka,"West Indies - Sir Vivian Richards Stadium, North Sound, Antigua",1,1,0,22,22,22,27,81.48,0
BA Stokes,"England - Lord's, London",1,1,0,22,22,22,26,84.61,0
S Bau,Oman - Al Amerat Cricket Ground Oman Cricket (Ministry Turf 1),4,4,0,21,11,5.25,70,30,0
T Bavuma,"South Africa - SuperSport Park, Centurion",2,2,0,21,20,10.5,27,77.77,0
C Green,"Australia - Manuka Oval, Canberra",1,1,0,21,21,21,27,77.77,0
AS Joseph,"Bangladesh - Shere Bangla National Stadium, Mirpur, Dhaka",2,2,0,21,17,10.5,28,75,0
C Karunaratne,"England - Kennington Oval, London",1,1,0,21,21,21,38,55.26,0
Liton Das,"New Zealand - Basin Reserve, Wellington",1,1,0,21,21,21,21,100,0
T Marumani,Zimbabwe - Harare Sports Club,3,3,0,21,13,7,41,51.21,0
JN Mohammed,"West Indies - Sir Vivian Richards Stadium, North Sound, Antigua",3,2,1,21,13*,21,28,75,0
Mushfiqur Rahim,"New Zealand - Basin Reserve, Wellington",1,1,0,21,21,21,44,47.72,0
KH Prajapati,Oman - Al Amerat Cricket Ground Oman Cricket (Ministry Turf 1),1,1,0,21,21,21,13,161.53,0
K Rabada,"Sri Lanka - R.Premadasa Stadium, Khettarama, Colombo",3,2,1,21,13*,21,20,105,0
PM Seelaar,"Netherlands - Hazelaarweg, Rotterdam",2,2,0,21,21,10.5,58,36.2,0
Shadab Khan,"England - Lord's, London",1,1,0,21,21,21,20,105,0
NE Bonner,"Bangladesh - Shere Bangla National Stadium, Mirpur, Dhaka",2,2,0,20,20,10,29,68.96,0
DM Bravo,"West Indies - Kensington Oval, Bridgetown, Barbados",3,3,0,20,18,6.66,46,43.47,0
Q de Kock,"South Africa - SuperSport Park, Centurion",1,1,0,20,20,20,18,111.11,0
K Doriga,Oman - Al Amerat Cricket Ground Oman Cricket (Ministry Turf 1),4,4,0,20,14,5,68,29.41,0
BD Glover,"Netherlands - Sportpark Maarschalkerweerd, Utrecht",2,2,1,20,18,20,34,58.82,0
MJ Guptill,"New Zealand - Hagley Oval, Christchurch",1,1,0,20,20,20,24,83.33,0
Kashif Daud,"U.A.E. - Sheikh Zayed Stadium, Abu Dhabi",2,1,0,20,20,20,23,86.95,0
AR McBrine,"Netherlands - Sportpark Maarschalkerweerd, Utrecht",3,2,0,20,17,10,40,50,0
Najmul Hossain Shanto,"Bangladesh - Zahur Ahmed Chowdhury Stadium, Chattogram",1,1,0,20,20,20,30,66.66,0
Sompal Kami,Oman - Al Amerat Cricket Ground Oman Cricket (Ministry Turf 1),5,3,0,20,11,6.66,35,57.14,0
Asif Ali,"South Africa - The Wanderers Stadium, Johannesburg",1,1,0,19,19,19,27,70.37,0
Babar Azam,"England - Lord's, London",1,1,0,19,19,19,15,126.66,0
DE Budge,Oman - Al Amerat Cricket Ground Oman Cricket (Ministry Turf 1),1,1,0,19,19,19,26,73.07,0
CJ Chibhabha,Pakistan - Rawalpindi Cricket Stadium,2,2,0,19,13,9.5,21,90.47,0
SS Iyer,"Australia - Manuka Oval, Canberra",1,1,0,19,19,19,21,90.47,0
Liton Das,"New Zealand - University Oval, Dunedin",1,1,0,19,19,19,36,52.77,0
KA Maharaj,"South Africa - SuperSport Park, Centurion",1,1,0,19,19,19,11,172.72,0
Musa Ahmed,"Netherlands - Sportpark Maarschalkerweerd, Utrecht",1,1,0,19,19,19,29,65.51,0
HH Pandya,"Sri Lanka - R.Premadasa Stadium, Khettarama, Colombo",3,2,0,19,19,9.5,20,95,0
AU Rashid,"India - Maharashtra Cricket Association Stadium, Pune",3,2,0,19,19,9.5,27,70.37,0
Sohaib Maqsood,"England - Lord's, London",1,1,0,19,19,19,17,111.76,0
Sohaib Maqsood,"England - Sophia Gardens, Cardiff",1,1,0,19,19,19,32,59.37,0
KNA Bandara,"Bangladesh - Shere Bangla National Stadium, Mirpur, Dhaka",2,2,0,18,15,9,55,32.72,0
SW Billings,"India - Maharashtra Cricket Association Stadium, Pune",1,1,0,18,18,18,22,81.81,0
TWM Latham,"New Zealand - Basin Reserve, Wellington",1,1,0,18,18,18,33,54.54,0
AR McBrine,"U.A.E. - Sheikh Zayed Stadium, Abu Dhabi",5,3,0,18,16,6,29,62.06,0
Najmul Hossain Shanto,"Bangladesh - Shere Bangla National Stadium, Mirpur, Dhaka",2,2,0,18,17,9,35,51.42,0
HM Nicholls,"New Zealand - Basin Reserve, Wellington",1,1,0,18,18,18,21,85.71,0
JC Buttler,"India - Maharashtra Cricket Association Stadium, Pune",3,3,0,17,15,5.66,25,68,0
DM Dupavillon,"South Africa - SuperSport Park, Centurion",1,1,0,17,17,17,10,170,0
B Fernando,"England - Kennington Oval, London",1,1,0,17,17,17,15,113.33,0
SO Hetmyer,"West Indies - Kensington Oval, Bridgetown, Barbados",2,2,0,17,11,8.5,22,77.27,0
KA Maharaj,"Ireland - The Village, Malahide, Dublin",2,1,0,17,17,17,19,89.47,0
JN Mohammed,"Bangladesh - Zahur Ahmed Chowdhury Stadium, Chattogram",1,1,0,17,17,17,36,47.22,0
JA Simpson,"England - Lord's, London",1,1,0,17,17,17,19,89.47,0
JT Smuts,"South Africa - SuperSport Park, Centurion",1,1,0,17,17,17,18,94.44,0
MR Adair,"Ireland - The Village, Malahide, Dublin",2,2,1,16,15,16,17,94.11,0
S Dhawan,"Australia - Manuka Oval, Canberra",1,1,0,16,16,16,27,59.25,0
Mahmudullah,"New Zealand - Hagley Oval, Christchurch",1,1,0,16,16,16,18,88.88,0
PHKD Mendis,"Sri Lanka - R.Premadasa Stadium, Khettarama, Colombo",1,1,0,16,16,16,29,55.17,0
K Rabada,"Ireland - The Village, Malahide, Dublin",1,1,0,16,16,16,12,133.33,0
MA Wood,"India - Maharashtra Cricket Association Stadium, Pune",2,2,1,16,14,16,28,57.14,0
FA Allen,"West Indies - Sir Vivian Richards Stadium, North Sound, Antigua",3,1,0,15,15,15,7,214.28,0
K Bhurtel,Oman - Al Amerat Cricket Ground Oman Cricket (Ministry Turf 2),1,1,0,15,15,15,28,53.57,0
H Hiri,Oman - Al Amerat Cricket Ground Oman Cricket (Ministry Turf 1),2,2,0,15,9,7.5,42,35.71,0
AM McCarthy,"Bangladesh - Shere Bangla National Stadium, Mirpur, Dhaka",2,2,0,15,12,7.5,41,36.58,0
KA Maharaj,"Sri Lanka - R.Premadasa Stadium, Khettarama, Colombo",3,2,1,15,15,15,18,83.33,0
Mohammad Rizwan,Pakistan - Rawalpindi Cricket Stadium,2,2,0,15,14,7.5,34,44.11,0
AA Paradkar,Oman - Al Amerat Cricket Ground Oman Cricket (Ministry Turf 1),2,2,1,15,13*,15,15,100,0
NA Saini,"Sri Lanka - R.Premadasa Stadium, Khettarama, Colombo",1,1,0,15,15,15,37,40.54,0
PM Seelaar,"Netherlands - Sportpark Maarschalkerweerd, Utrecht",3,3,0,15,11,5,42,35.71,0
MRJ Watt,"Netherlands - Hazelaarweg, Rotterdam",2,1,0,15,15,15,19,78.94,0
Ahmed Raza,"U.A.E. - Sheikh Zayed Stadium, Abu Dhabi",2,1,0,14,14,14,15,93.33,0
MH Cross,"Netherlands - Hazelaarweg, Rotterdam",2,2,0,14,13,7,43,32.55,0
J Da Silva,"Bangladesh - Shere Bangla National Stadium, Mirpur, Dhaka",2,2,0,14,9,7,35,40,0
CS MacLeod,"Netherlands - Hazelaarweg, Rotterdam",2,2,0,14,14,7,37,37.83,0
Mahedi Hasan,"New Zealand - University Oval, Dunedin",1,1,0,14,14,14,20,70,0
Mohammed Shami,Australia - Sydney Cricket Ground,2,2,0,14,13,7,14,100,0
HG Munsey,Oman - Al Amerat Cricket Ground Oman Cricket (Ministry Turf 1),1,1,0,14,14,14,18,77.77,0
SM Sharif,"Netherlands - Hazelaarweg, Rotterdam",1,1,0,14,14,14,16,87.5,0
LJ Tucker,"Ireland - Civil Service Cricket Club, Stormont, Belfast",2,1,0,14,14,14,19,73.68,0
LJ Tucker,"Netherlands - Sportpark Maarschalkerweerd, Utrecht",3,2,0,14,8,7,38,36.84,0
TP Ura,Oman - Al Amerat Cricket Ground Oman Cricket (Ministry Turf 2),4,4,0,14,6,3.5,45,31.11,0
SW Ambris,"Bangladesh - Shere Bangla National Stadium, Mirpur, Dhaka",2,2,0,13,7,6.5,20,65,0
SW Ambris,"Bangladesh - Zahur Ahmed Chowdhury Stadium, Chattogram",1,1,0,13,13,13,14,92.85,0
T Bavuma,"Ireland - The Village, Malahide, Dublin",2,2,1,13,10,13,23,56.52,0
PRP Boissevain,"Netherlands - Hazelaarweg, Rotterdam",1,1,0,13,13,13,19,68.42,0
RD Chahar,"Sri Lanka - R.Premadasa Stadium, Khettarama, Colombo",1,1,0,13,13,13,25,52,0
AJ Hosein,"Bangladesh - Shere Bangla National Stadium, Mirpur, Dhaka",2,2,1,13,12*,13,21,61.9,0
SP Krishnamurthi,Oman - Al Amerat Cricket Ground Oman Cricket (Ministry Turf 1),3,3,0,13,13,4.33,24,54.16,0
Mohammad Rizwan,"England - Sophia Gardens, Cardiff",1,1,0,13,13,13,9,144.44,0
JN Mohammed,"West Indies - Kensington Oval, Bridgetown, Barbados",2,2,0,13,11,6.5,20,65,0
SN Netravalkar,Oman - Al Amerat Cricket Ground Oman Cricket (Ministry Turf 1),5,4,2,13,6*,6.5,36,36.11,0
HM Nicholls,"New Zealand - Hagley Oval, Christchurch",1,1,0,13,13,13,18,72.22,0
Sarfaraz Ahmed,"South Africa - SuperSport Park, Centurion",1,1,0,13,13,13,13,100,0
Shadab Khan,"South Africa - The Wanderers Stadium, Johannesburg",1,1,0,13,13,13,23,56.52,0
Tamim Iqbal,"New Zealand - University Oval, Dunedin",1,1,0,13,13,13,15,86.66,0
K Verreynne,"Ireland - The Village, Malahide, Dublin",2,1,0,13,13,13,16,81.25,0
TS Chisoro,Pakistan - Rawalpindi Cricket Stadium,2,2,0,12,7,6,16,75,0
MC Henriques,"West Indies - Kensington Oval, Bridgetown, Barbados",3,3,0,12,7,4,41,29.26,0
LM Jongwe,Zimbabwe - Harare Sports Club,3,3,1,12,8,6,13,92.3,0
Khawar Ali,Oman - Al Amerat Cricket Ground Oman Cricket (Ministry Turf 2),2,1,0,12,12,12,28,42.85,0
CT Mumba,Pakistan - Rawalpindi Cricket Stadium,2,2,0,12,11,6,30,40,0
PADLR Sandakan,"Bangladesh - Shere Bangla National Stadium, Mirpur, Dhaka",2,2,1,12,8*,12,19,63.15,0
Saqib Zulfiqar,"Netherlands - Hazelaarweg, Rotterdam",1,1,0,12,12,12,26,46.15,0
Shaheen Shah Afridi,"England - Sophia Gardens, Cardiff",1,1,0,12,12,12,22,54.54,0
K Verreynne,"Sri Lanka - R.Premadasa Stadium, Khettarama, Colombo",1,1,0,12,12,12,20,60,0
CA Young,"U.A.E. - Sheikh Zayed Stadium, Abu Dhabi",5,3,2,12,12*,12,13,92.3,0
TK Curran,"India - Maharashtra Cricket Association Stadium, Pune",2,1,0,11,11,11,16,68.75,0
GH Dockrell,"Ireland - Civil Service Cricket Club, Stormont, Belfast",2,2,1,11,11,11,17,64.7,0
Faheem Ashraf,"South Africa - The Wanderers Stadium, Johannesburg",1,1,0,11,11,11,12,91.66,0
AS Joseph,"Bangladesh - Zahur Ahmed Chowdhury Stadium, Chattogram",1,1,0,11,11,11,7,157.14,0
H Klaasen,"South Africa - The Wanderers Stadium, Johannesburg",1,1,0,11,11,11,9,122.22,0
KR Mayers,"Bangladesh - Zahur Ahmed Chowdhury Stadium, Chattogram",1,1,0,11,11,11,23,47.82,0
BN Cooper,"Netherlands - Hazelaarweg, Rotterdam",2,2,0,10,10,5,11,90.9,0
Faheem Ashraf,"England - Edgbaston, Birmingham",1,1,0,10,10,10,4,250,0
Fakhar Zaman,"England - Lord's, London",1,1,0,10,10,10,45,22.22,0
JB Little,"Netherlands - Sportpark Maarschalkerweerd, Utrecht",3,2,1,10,9*,10,20,50,0
Mosaddek Hossain,Zimbabwe - Harare Sports Club,3,2,0,10,5,5,24,41.66,0
A Nortje,"Ireland - The Village, Malahide, Dublin",2,1,0,10,10,10,8,125,0
Sikandar Raza,Pakistan - Rawalpindi Cricket Stadium,2,2,0,10,8,5,15,66.66,0
Taskin Ahmed,"New Zealand - University Oval, Dunedin",1,1,0,10,10,10,32,31.25,0
Aarif Sheikh,Oman - Al Amerat Cricket Ground Oman Cricket (Ministry Turf 2),1,1,0,9,9,9,19,47.36,0
RD Berrington,Oman - Al Amerat Cricket Ground Oman Cricket (Ministry Turf 1),1,1,0,9,9,9,19,47.36,0
Bilal Khan,Oman - Al Amerat Cricket Ground Oman Cricket (Ministry Turf 1),5,1,0,9,9,9,9,100,0
PVD Chameera,"Bangladesh - Shere Bangla National Stadium, Mirpur, Dhaka",3,2,1,9,5,9,24,37.5,0
PVD Chameera,"West Indies - Sir Vivian Richards Stadium, North Sound, Antigua",2,2,1,9,8,9,16,56.25,0
LD Chandimal,"Sri Lanka - R.Premadasa Stadium, Khettarama, Colombo",1,1,0,9,9,9,12,75,0
Danish Aziz,"South Africa - The Wanderers Stadium, Johannesburg",1,1,0,9,9,9,14,64.28,0
A Dutt,"Netherlands - Hazelaarweg, Rotterdam",2,2,1,9,8*,9,20,45,0
LS Livingstone,"England - Riverside Ground, Chester-le-Street",1,1,0,9,9,9,12,75,0
PHKD Mendis,"West Indies - Sir Vivian Richards Stadium, North Sound, Antigua",1,1,0,9,9,9,21,42.85,0
Mohammad Mithun,"New Zealand - University Oval, Dunedin",1,1,0,9,9,9,27,33.33,0
G Singh,Oman - Al Amerat Cricket Ground Oman Cricket (Ministry Turf 2),1,1,0,9,9,9,28,32.14,0
Taskin Ahmed,"New Zealand - Basin Reserve, Wellington",1,1,0,9,9,9,24,37.5,0
A Dananjaya,"Sri Lanka - R.Premadasa Stadium, Khettarama, Colombo",3,3,1,8,5*,4,6,133.33,0
S Mahmood,"England - Lord's, London",1,1,0,8,8,8,16,50,0
KP Meiyappan,"U.A.E. - Sheikh Zayed Stadium, Abu Dhabi",2,1,0,8,8,8,19,42.1,0
AL Phehlukwayo,"Ireland - The Village, Malahide, Dublin",2,2,0,8,6,4,16,50,0
Shoriful Islam,"Bangladesh - Shere Bangla National Stadium, Mirpur, Dhaka",2,2,0,8,8,4,6,133.33,0
Sohaib Maqsood,"England - Edgbaston, Birmingham",1,1,0,8,8,8,5,160,0
I Udana,"Sri Lanka - R.Premadasa Stadium, Khettarama, Colombo",1,1,0,8,8,8,9,88.88,0
Wahab Riaz,Pakistan - Rawalpindi Cricket Stadium,1,1,0,8,8,8,6,133.33,0
CA Young,"Ireland - The Village, Malahide, Dublin",2,1,0,8,8,8,14,57.14,0
RW Chakabva,"Ireland - Civil Service Cricket Club, Stormont, Belfast",2,2,0,7,5,3.5,25,28,0
PVD Chameera,"England - Riverside Ground, Chester-le-Street",1,1,0,7,7,7,15,46.66,0
TL Chatara,Zimbabwe - Harare Sports Club,3,3,2,7,4*,7,26,26.92,0
N Dickwella,"Bangladesh - Shere Bangla National Stadium, Mirpur, Dhaka",1,1,0,7,7,7,9,77.77,0
M Labuschagne,"Australia - Manuka Oval, Canberra",1,1,0,7,7,7,13,53.84,0
Mahedi Hasan,"New Zealand - Hagley Oval, Christchurch",1,1,0,7,7,7,5,140,0
PWA Mulder,"Sri Lanka - R.Premadasa Stadium, Khettarama, Colombo",2,2,1,7,5*,7,11,63.63,0
D Myers,"Ireland - Civil Service Cricket Club, Stormont, Belfast",1,1,0,7,7,7,22,31.81,0
R Ngarava,Zimbabwe - Harare Sports Club,2,2,1,7,7*,7,12,58.33,0
N Rana,"Sri Lanka - R.Premadasa Stadium, Khettarama, Colombo",1,1,0,7,7,7,14,50,0
Rohan Mustafa,"U.A.E. - Sheikh Zayed Stadium, Abu Dhabi",2,1,0,7,7,7,16,43.75,0
PD Salt,"England - Sophia Gardens, Cardiff",1,1,0,7,7,7,13,53.84,0
Shoaib Khan,Oman - Al Amerat Cricket Ground Oman Cricket (Ministry Turf 1),2,2,0,7,7,3.5,12,58.33,0
SPD Smith,"Australia - Manuka Oval, Canberra",1,1,0,7,7,7,15,46.66,0
Soumya Sarkar,"Bangladesh - Zahur Ahmed Chowdhury Stadium, Chattogram",1,1,0,7,7,7,8,87.5,0
LRPL Taylor,"New Zealand - Basin Reserve, Wellington",1,1,0,7,7,7,14,50,0
MR Adair,"Ireland - Civil Service Cricket Club, Stormont, Belfast",2,1,0,6,6,6,9,66.66,0
BN Cooper,"Netherlands - Sportpark Maarschalkerweerd, Utrecht",3,3,1,6,6,3,12,50,0
Faheem Ashraf,"South Africa - SuperSport Park, Centurion",2,2,1,6,5*,6,12,50,0
Fakhar Zaman,"England - Edgbaston, Birmingham",1,1,0,6,6,6,14,42.85,0
Hasan Ali,"England - Sophia Gardens, Cardiff",1,1,0,6,6,6,9,66.66,0
SS Iyer,"India - Maharashtra Cricket Association Stadium, Pune",1,1,0,6,6,6,9,66.66,0
Jasdeep Singh,Oman - Al Amerat Cricket Ground Oman Cricket (Ministry Turf 1),1,1,0,6,6,6,14,42.85,0
Kushal Malla,Oman - Al Amerat Cricket Ground Oman Cricket (Ministry Turf 1),4,4,0,6,4,1.5,24,25,0
G Malla,Oman - Al Amerat Cricket Ground Oman Cricket (Ministry Turf 2),1,1,0,6,6,6,20,30,0
BJ McCarthy,"Netherlands - Sportpark Maarschalkerweerd, Utrecht",3,2,0,6,6,3,21,28.57,0
Mohammad Mithun,"New Zealand - Basin Reserve, Wellington",1,1,0,6,6,6,39,15.38,0
EJG Morgan,"England - Riverside Ground, Chester-le-Street",1,1,0,6,6,6,17,35.29,0
PA van Meekeren,"Netherlands - Hazelaarweg, Rotterdam",2,2,1,6,6,6,13,46.15,0
S Vesawkar,Oman - Al Amerat Cricket Ground Oman Cricket (Ministry Turf 2),1,1,0,6,6,6,22,27.27,0
RP Burl,"Ireland - Civil Service Cricket Club, Stormont, Belfast",1,1,0,5,5,5,10,50,0
Faheem Ashraf,"England - Sophia Gardens, Cardiff",1,1,0,5,5,5,12,41.66,0
JN Hamilton,"Bangladesh - Zahur Ahmed Chowdhury Stadium, Chattogram",1,1,0,5,5,5,16,31.25,0
Imam-ul-Haq,"South Africa - The Wanderers Stadium, Johannesburg",1,1,0,5,5,5,10,50,0
H Klaasen,"South Africa - SuperSport Park, Centurion",2,2,0,5,4,2.5,33,15.15,0
AK Markram,"Ireland - The Village, Malahide, Dublin",1,1,0,5,5,5,13,38.46,0
AD Mathews,"West Indies - Sir Vivian Richards Stadium, North Sound, Antigua",1,1,0,5,5,5,7,71.42,0
BJ McCarthy,"U.A.E. - Sheikh Zayed Stadium, Abu Dhabi",4,2,1,5,5*,5,6,83.33,0
Mohammad Rizwan,"England - Lord's, London",1,1,0,5,5,5,11,45.45,0
P Nissanka,"England - Kennington Oval, London",1,1,0,5,5,5,12,41.66,0
P Nissanka,"England - Riverside Ground, Chester-le-Street",1,1,0,5,5,5,19,26.31,0
WTS Porterfield,"Netherlands - Sportpark Maarschalkerweerd, Utrecht",2,2,0,5,5,2.5,13,38.46,0
KL Rahul,"Australia - Manuka Oval, Canberra",1,1,0,5,5,5,11,45.45,0
Saud Shakeel,"England - Sophia Gardens, Cardiff",1,1,0,5,5,5,13,38.46,0
Shaheen Shah Afridi,"South Africa - The Wanderers Stadium, Johannesburg",1,1,0,5,5,5,15,33.33,0
SA Abbott,"Australia - Manuka Oval, Canberra",1,1,0,4,4,4,9,44.44,0
SS Cottrell,"West Indies - Kensington Oval, Bridgetown, Barbados",3,2,1,4,4*,4,18,22.22,0
Hasan Ali,"England - Edgbaston, Birmingham",1,1,0,4,4,4,2,200,0
H Hiri,Oman - Al Amerat Cricket Ground Oman Cricket (Ministry Turf 2),1,1,0,4,4,4,16,25,0
P Jayawickrama,"England - Riverside Ground, Chester-le-Street",1,1,0,4,4,4,7,57.14,0
FJ Klaassen,"Netherlands - Sportpark Maarschalkerweerd, Utrecht",3,2,0,4,4,2,16,25,0
JB Little,"Ireland - Civil Service Cricket Club, Stormont, Belfast",2,1,0,4,4,4,4,100,0
Mohammad Nawaz (3),"South Africa - SuperSport Park, Centurion",1,1,0,4,4,4,10,40,0
JDS Neesham,"New Zealand - Basin Reserve, Wellington",1,1,0,4,4,4,4,100,0
N Pokana,Oman - Al Amerat Cricket Ground Oman Cricket (Ministry Turf 2),4,4,1,4,2*,1.33,28,14.28,0
Rubel Hossain,"New Zealand - Basin Reserve, Wellington",1,1,0,4,4,4,28,14.28,0
Sufyan Mehmood,Oman - Al Amerat Cricket Ground Oman Cricket (Ministry Turf 1),1,1,0,4,4,4,16,25,0
A Zampa,"Australia - Manuka Oval, Canberra",1,1,0,4,4,4,7,57.14,0
KIC Asalanka,"England - Kennington Oval, London",1,1,0,3,3,3,11,27.27,0
Bikram Sob,Oman - Al Amerat Cricket Ground Oman Cricket (Ministry Turf 1),3,2,0,3,2,1.5,5,60,0
SW Billings,"England - Riverside Ground, Chester-le-Street",1,1,0,3,3,3,8,37.5,0
Danish Aziz,"South Africa - SuperSport Park, Centurion",1,1,0,3,3,3,6,50,0
AJ Hosein,"West Indies - Kensington Oval, Bridgetown, Barbados",3,2,0,3,3,1.5,16,18.75,0
H Klaasen,"Ireland - The Village, Malahide, Dublin",1,1,0,3,3,3,4,75,0
B Kumar,"India - Maharashtra Cricket Association Stadium, Pune",3,1,0,3,3,3,5,60,0
Mahedi Hasan,"New Zealand - Basin Reserve, Wellington",1,1,0,3,3,3,8,37.5,0
JA McCollum,"U.A.E. - Sheikh Zayed Stadium, Abu Dhabi",1,1,0,3,3,3,11,27.27,0
R Ngarava,"Ireland - Civil Service Cricket Club, Stormont, Belfast",2,1,0,3,3,3,19,15.78,0
AL Phehlukwayo,"South Africa - The Wanderers Stadium, Johannesburg",1,1,0,3,3,3,5,60,0
DOD Rikhi,Oman - Al Amerat Cricket Ground Oman Cricket (Ministry Turf 1),2,2,0,3,3,1.5,14,21.42,0
Simi Singh,"Ireland - Civil Service Cricket Club, Stormont, Belfast",2,1,0,3,3,3,9,33.33,0
JA Simpson,"England - Edgbaston, Birmingham",1,1,0,3,3,3,12,25,0
TP Visee,"Netherlands - Hazelaarweg, Rotterdam",1,1,0,3,3,3,10,30,0
CA Young,"Netherlands - Sportpark Maarschalkerweerd, Utrecht",3,2,1,3,2*,3,5,60,0
MR Adair,"U.A.E. - Sheikh Zayed Stadium, Abu Dhabi",2,1,0,2,2,2,4,50,0
Asif Ali,"South Africa - SuperSport Park, Centurion",1,1,0,2,2,2,7,28.57,0
Azmatullah Omarzai,"U.A.E. - Sheikh Zayed Stadium, Abu Dhabi",1,1,0,2,2,2,10,20,0
Basil Hameed,"U.A.E. - Sheikh Zayed Stadium, Abu Dhabi",1,1,0,2,2,2,15,13.33,0
B Fernando,"England - Riverside Ground, Chester-le-Street",1,1,0,2,2,2,7,28.57,0
BOP Fernando,"West Indies - Sir Vivian Richards Stadium, North Sound, Antigua",1,1,0,2,2,2,3,66.66,0
WIA Fernando,"England - Kennington Oval, London",1,1,0,2,2,2,2,100,0
K Gowtham,"Sri Lanka - R.Premadasa Stadium, Khettarama, Colombo",1,1,0,2,2,2,3,66.66,0
D Lakshan,"England - Riverside Ground, Chester-le-Street",1,1,0,2,2,2,9,22.22,0
JB Little,"Ireland - The Village, Malahide, Dublin",2,1,0,2,2,2,2,100,0
AR McBrine,"Ireland - Civil Service Cricket Club, Stormont, Belfast",2,1,0,2,2,2,3,66.66,0
KV Morea,Oman - Al Amerat Cricket Ground Oman Cricket (Ministry Turf 1),3,2,1,2,1*,2,7,28.57,0
B Muzarabani,Zimbabwe - Harare Sports Club,3,3,0,2,2,0.66,8,25,0
RA Reifer,"Bangladesh - Shere Bangla National Stadium, Mirpur, Dhaka",2,2,0,2,2,1,13,15.38,0
Faheem Ashraf,"England - Lord's, London",1,1,0,1,1,1,9,11.11,0
N Pradeep,"West Indies - Sir Vivian Richards Stadium, North Sound, Antigua",2,1,0,1,1,1,4,25,0
Haris Rauf,"England - Lord's, London",1,1,0,1,1,1,4,25,0
Hasan Mahmud,"New Zealand - University Oval, Dunedin",1,1,0,1,1,1,5,20,0
BE Hendricks,"South Africa - SuperSport Park, Centurion",1,1,0,1,1,1,5,20,0
Imam-ul-Haq,"England - Lord's, London",1,1,0,1,1,1,2,50,0
TS Kamunhukamwe,Zimbabwe - Harare Sports Club,1,1,0,1,1,1,5,20,0
Kushal Malla,Oman - Al Amerat Cricket Ground Oman Cricket (Ministry Turf 2),1,1,0,1,1,1,3,33.33,0
Mehidy Hasan Miraz,"New Zealand - University Oval, Dunedin",1,1,0,1,1,1,10,10,0
RTM Mendis,"England - Riverside Ground, Chester-le-Street",1,1,0,1,1,1,5,20,0
Mohammad Naim,"Bangladesh - Shere Bangla National Stadium, Mirpur, Dhaka",1,1,0,1,1,1,2,50,0
KY Ottley,"Bangladesh - Zahur Ahmed Chowdhury Stadium, Chattogram",1,1,0,1,1,1,8,12.5,0
K Phillip,Oman - Al Amerat Cricket Ground Oman Cricket (Ministry Turf 1),2,1,0,1,1,1,3,33.33,0
MD Shanaka,"England - Riverside Ground, Chester-le-Street",1,1,0,1,1,1,9,11.11,0
A Sharafu,"U.A.E. - Sheikh Zayed Stadium, Abu Dhabi",1,1,0,1,1,1,9,11.11,0
Soumya Sarkar,"New Zealand - Basin Reserve, Wellington",1,1,0,1,1,1,6,16.66,0
Tamim Iqbal,"New Zealand - Basin Reserve, Wellington",1,1,0,1,1,1,9,11.11,0
Taskin Ahmed,Zimbabwe - Harare Sports Club,3,1,0,1,1,1,1,100,0
LJ Tucker,"Ireland - The Village, Malahide, Dublin",2,1,0,1,1,1,8,12.5,0
WA Young,"New Zealand - Hagley Oval, Christchurch",1,1,0,1,1,1,7,14.28,0
